json_data,pdf_links,url
"{""Document code:"": ""DG/2017/025"", ""Imprint:"": ""22 Mar. 2017"", ""Document Type:"": ""UNESCO document"", ""Nature of contents:"": ""speech"", ""Corporate author:"": ""UNESCO. Director-General, 2009- (Bokova, I.G.)"", ""Title:"": ""Discours de la Directrice générale de l'UNESCO, Irina Bokova, à l'occasion de l'exposition franco-suisse: La presse en liberté, UNESCO, 22 mars 2017"", ""General notes:"": ""(Electronic version only)"", ""Source code:"": ""dg"", ""Original Language:"": ""Multilingual"", ""Publ Year:"": ""2017"", ""Catalog Number:"": ""247720"", ""On line:"": ""Yes\n\n\n\nMul\n\n""}",http://unesdoc.unesco.org/images/0024/002477/247720m.pdf,http://www.unesco.org/ulis/cgi-bin/ulis.pl?catno=247720&gp=1&lin=1&ll=1&set=0058D3AE0B_3_226
"{""Non latin titles:"": ""Положения о финансах специальных счетовالنظم المالية للحسابات الخاصة特别账户财务条例"", ""Document code:"": ""201 EX/24 PART I-II"", ""On line:"": ""Yes\n\nEng\nFre\nSpa\n\nRus\nAra\nChi\n\n"", ""Other Lang. versions:"": ""Arabic, Chinese, French, Russian, Spanish"", ""Document Type:"": ""UNESCO document"", ""Original Language:"": ""English"", ""Title:"": ""Financial regulations of special accounts"", ""Meetings (date):"": ""2017"", ""Source code:"": ""ex"", ""Publ Year:"": ""2017"", ""Catalog Number:"": ""247699"", ""Other lang. title:"": ""Règlements financiers des comptes spéciaux"", ""Conference:"": ""UNESCO. Executive Board"", ""Meeting session:"": ""201st""}","http://unesdoc.unesco.org/images/0024/002476/247699e.pdf,http://unesdoc.unesco.org/images/0024/002476/247699f.pdf,http://unesdoc.unesco.org/images/0024/002476/247699r.pdf,http://unesdoc.unesco.org/images/0024/002476/247699a.pdf,http://unesdoc.unesco.org/images/0024/002476/247699c.pdf,http://unesdoc.unesco.org/images/0024/002476/247699s.pdf",http://www.unesco.org/ulis/cgi-bin/ulis.pl?catno=247699&gp=1&lin=1&ll=1&set=0058D3AE0B_3_226
"{""Non latin titles:"": ""الاستراتيجية المتوسطة الأجل المنقَّحة لمعهد اليونسكو للإحصاء للفترة ٢٠١٧-٢٠٢١"", ""Document code:"": ""201 EX/13"", ""On line:"": ""Yes\n\nEng\nFre\nSpa\n\nAra\n\n"", ""Other Lang. versions:"": ""Arabic, French, Spanish"", ""Document Type:"": ""UNESCO document"", ""Original Language:"": ""English"", ""Title:"": ""Revised Medium-Term Strategy 2017-2021 of the UNESCO Institute for Statistics (UIS)"", ""Meetings (date):"": ""2017"", ""Source code:"": ""ex"", ""Publ Year:"": ""2017"", ""Catalog Number:"": ""247701"", ""Other lang. title:"": ""Stratégie à moyen terme révisée 2017-2021 de l'Institut de statistique de l'UNESCO (ISU); Estrategia a Plazo Medio del Instituto de Estadística de la UNESCO (IEU) para 2017-2021 revisada"", ""Conference:"": ""UNESCO. Executive Board"", ""Meeting session:"": ""201st""}","http://unesdoc.unesco.org/images/0024/002477/247701e.pdf,http://unesdoc.unesco.org/images/0024/002477/247701f.pdf,http://unesdoc.unesco.org/images/0024/002477/247701s.pdf,http://unesdoc.unesco.org/images/0024/002477/247701a.pdf",http://www.unesco.org/ulis/cgi-bin/ulis.pl?catno=247701&gp=1&lin=1&ll=1&set=0058D3AE0B_3_226
"{""Non latin titles:"": ""Служба внутреннего надзора (IOS): годовой доклад за 2016 г.مرفق الإشراف الداخلي: التقرير السنوي لعام ٢٠١٦"", ""Document code:"": ""201 EX/22"", ""On line:"": ""Yes\n\nEng\nFre\nSpa\n\nRus\nAra\nChi\n\n"", ""Other Lang. versions:"": ""Arabic, Chinese, French, Russian, Spanish"", ""Document Type:"": ""UNESCO document"", ""Original Language:"": ""English"", ""Title:"": ""Internal Oversight Service (IOS): Annual report 2016"", ""Meetings (date):"": ""2017"", ""Source code:"": ""ex"", ""Publ Year:"": ""2017"", ""Catalog Number:"": ""247702"", ""Other lang. title:"": ""Service d'évaluation et d'audit (IOS): rapport annuel 2016; Informe Anual del Servicio de Supervisión Interna (IOS) 2016"", ""Conference:"": ""UNESCO. Executive Board"", ""Meeting session:"": ""201st""}","http://unesdoc.unesco.org/images/0024/002477/247702e.pdf,http://unesdoc.unesco.org/images/0024/002477/247702f.pdf,http://unesdoc.unesco.org/images/0024/002477/247702s.pdf,http://unesdoc.unesco.org/images/0024/002477/247702r.pdf,http://unesdoc.unesco.org/images/0024/002477/247702a.pdf,http://unesdoc.unesco.org/images/0024/002477/247702c.pdf",http://www.unesco.org/ulis/cgi-bin/ulis.pl?catno=247702&gp=1&lin=1&ll=1&set=0058D3AE0B_3_226
"{""Non latin titles:"": ""متابعة تنفيذ القرارات التي اعتمدها المجلس التنفيذي والمؤتمر العام في دوراتهما السابقة"", ""Document code:"": ""201 EX/5 PART II"", ""On line:"": ""Yes\n\nEng\nFre\nSpa\n\nRus\nAra\nChi\n\n"", ""Other Lang. versions:"": ""Arabic, Chinese, French, Russian, Spanish"", ""Document Type:"": ""UNESCO document"", ""Original Language:"": ""English"", ""Title:"": ""Follow-up to decisions and resolutions adopted by the Executive Board and the General Conference at their previous sessions"", ""Meetings (date):"": ""2017"", ""Source code:"": ""ex"", ""Publ Year:"": ""2017"", ""Catalog Number:"": ""247706"", ""Other lang. title:"": ""Suivi des décisions et résolutions adoptées par le Conseil exécutif et la Conférence générale à leurs sessions antérieures; Aplicación de las decisiones adoptadas por el Consejo Ejecutivo y de las resoluciones aprobadas por la Conferencia General en sus reuniones anteriores"", ""Conference:"": ""UNESCO. Executive Board"", ""Meeting session:"": ""201st""}","http://unesdoc.unesco.org/images/0024/002477/247706e.pdf,http://unesdoc.unesco.org/images/0024/002477/247706f.pdf,http://unesdoc.unesco.org/images/0024/002477/247706s.pdf,http://unesdoc.unesco.org/images/0024/002477/247706a.pdf,http://unesdoc.unesco.org/images/0024/002477/247706r.pdf,http://unesdoc.unesco.org/images/0024/002477/247706c.pdf",http://www.unesco.org/ulis/cgi-bin/ulis.pl?catno=247706&gp=1&lin=1&ll=1&set=0058D3AE0B_3_226
"{""Document code:"": ""DG/2017/024"", ""Imprint:"": ""21 Mar. 2017"", ""Document Type:"": ""UNESCO document"", ""Nature of contents:"": ""speech"", ""Corporate author:"": ""UNESCO. Director-General, 2009- (Bokova, I.G.)"", ""Title:"": ""Address by Irina Bokova, Director-General of UNESCO, on the occasion of the Event on Education for Preventing Violent Extremism, Brussels, 21 March 2017"", ""General notes:"": ""(Electronic version only)"", ""Source code:"": ""dg"", ""Original Language:"": ""English"", ""Publ Year:"": ""2017"", ""Catalog Number:"": ""247713"", ""On line:"": ""Yes\n\nEng\n\n\n""}",http://unesdoc.unesco.org/images/0024/002477/247713e.pdf,http://www.unesco.org/ulis/cgi-bin/ulis.pl?catno=247713&gp=1&lin=1&ll=1&set=0058D3AE0B_3_226
"{""General notes:"": ""(Electronic version only)"", ""Document code:"": ""ED-2017/E-9/OD-1"", ""On line:"": ""Yes\n\nEng\n\n\n"", ""Publ Year:"": ""2017"", ""Catalog Number:"": ""247714"", ""Document Type:"": ""UNESCO document"", ""Original Language:"": ""English"", ""Title:"": ""E-9 Ministerial Meeting on Education 2030: Dhaka Declaration""}",http://unesdoc.unesco.org/images/0024/002477/247714e.pdf,http://www.unesco.org/ulis/cgi-bin/ulis.pl?catno=247714&gp=1&lin=1&ll=1&set=0058D3AE0B_3_226
"{""Document code:"": ""GBS/SCX/2017/015"", ""Imprint:"": ""23 Mar. 2017"", ""Author:"": ""Worbs, Michael"", ""Document Type:"": ""UNESCO document"", ""Nature of contents:"": ""speech"", ""Original Language:"": ""English"", ""Title:"": ""Remarks by His Excellency Ambassador Michael Worbs, Chairperson of the Executive Board of UNESCO, on the occasion of the Opening of the colloquium entitled: Journalism Under Fire: Challenges of our times, UNESCO House, Room X, 23 March 2017"", ""General notes:"": ""(Electronic version only)"", ""Source code:"": ""ex"", ""Publ Year:"": ""2017"", ""Catalog Number:"": ""247716"", ""On line:"": ""Yes\n\nEng\n\n\n""}",http://unesdoc.unesco.org/images/0024/002477/247716e.pdf,http://www.unesco.org/ulis/cgi-bin/ulis.pl?catno=247716&gp=1&lin=1&ll=1&set=0058D3AE0B_3_226
"{""Non latin titles:"": ""مشروع مذكرة تفاهم بين اليونسكو والمركز الدولي لدراسة صون الممتلكات الثقافية وترميمها"", ""Document code:"": ""201 EX/28"", ""On line:"": ""Yes\n\nEng\nFre\nSpa\n\nAra\nChi\n\n"", ""Other Lang. versions:"": ""Arabic, Chinese, French, Spanish"", ""Document Type:"": ""UNESCO document"", ""Original Language:"": ""English"", ""Title:"": ""Draft Memorandum of Understanding between UNESCO and the International Centre for the Study of the Preservation and Restoration of Cultural Property (ICCROM)"", ""Meetings (date):"": ""2017"", ""Source code:"": ""ex"", ""Publ Year:"": ""2017"", ""Catalog Number:"": ""247717"", ""Other lang. title:"": ""Projet de mémorandum d'accord entre l'UNESCO et le Centre international d'études pour la conservation et la restauration des biens culturels (ICCROM); Proyecto de memorando de entendimiento entre la UNESCO y el centro internacional de estudios de conservación y restauración de los bienes culturales (ICCROM)"", ""Conference:"": ""UNESCO. Executive Board"", ""Meeting session:"": ""201st""}","http://unesdoc.unesco.org/images/0024/002477/247717e.pdf,http://unesdoc.unesco.org/images/0024/002477/247717f.pdf,http://unesdoc.unesco.org/images/0024/002477/247717s.pdf,http://unesdoc.unesco.org/images/0024/002477/247717a.pdf,http://unesdoc.unesco.org/images/0024/002477/247717c.pdf",http://www.unesco.org/ulis/cgi-bin/ulis.pl?catno=247717&gp=1&lin=1&ll=1&set=0058D3AE0B_3_226
"{""General notes:"": ""(Electronic version only)"", ""Document code:"": ""ERI/DPI/2017/PIPMR/71"", ""On line:"": ""Yes\n\n\n\nMul\n\n"", ""Publ Year:"": ""2017"", ""Catalog Number:"": ""247719"", ""Document Type:"": ""UNESCO document"", ""Original Language:"": ""Multilingual"", ""Title:"": ""Monthly visibility report, February 2017""}",http://unesdoc.unesco.org/images/0024/002477/247719m.pdf,http://www.unesco.org/ulis/cgi-bin/ulis.pl?catno=247719&gp=1&lin=1&ll=1&set=0058D3AE0B_3_226
"{""Document code:"": ""DG/2017/023"", ""Imprint:"": ""19 Mar. 2017"", ""Collation:"": ""3 p."", ""Document Type:"": ""UNESCO document"", ""Nature of contents:"": ""speech"", ""Original Language:"": ""English"", ""Title:"": ""Address by Irina Bokova, Director-General of UNESCO, at the Global Education and Skills Forum: debate on the rise of populism, Dubai, 19 March 2017"", ""General notes:"": ""(Electronic version only)"", ""Source code:"": ""dg"", ""Corporate author:"": ""UNESCO. Director-General, 2009- (Bokova, I.G.)"", ""Publ Year:"": ""2017"", ""Catalog Number:"": ""247690"", ""On line:"": ""Yes\n\nEng\n\n\n""}",http://unesdoc.unesco.org/images/0024/002476/247690e.pdf,http://www.unesco.org/ulis/cgi-bin/ulis.pl?catno=247690&gp=1&lin=1&ll=1&set=0058D3AE0B_3_226
"{""Document code:"": ""DG/2017/022"", ""Imprint:"": ""20 Mar. 2017"", ""Collation:"": ""3 p."", ""Main descriptors:"": ""cultural property preservation; war; international cooperation; foreign aid"", ""Document Type:"": ""UNESCO document"", ""Nature of contents:"": ""speech"", ""Original Language:"": ""French"", ""Title:"": ""Discours de la Directrice générale de l'UNESCO, Irina Bokova, à l'occasion de la Conférence des donateurs pour le lancement de l'Alliance internationale pour la protection du patrimoine dans les zones de conflit; Paris, 20 mars 2017"", ""General notes:"": ""(Electronic version only)"", ""Corporate author:"": ""UNESCO. Director-General, 2009- (Bokova, I.G.)"", ""Corp. bodies as subject:"": ""Alliance internationale pour la protection du patrimoine dans les zones de conflit"", ""Publ Year:"": ""2017"", ""Catalog Number:"": ""247670"", ""On line:"": ""Yes\n\nFre\n\n\n"", ""Source code:"": ""dg""}",http://unesdoc.unesco.org/images/0024/002476/247670f.pdf,http://www.unesco.org/ulis/cgi-bin/ulis.pl?catno=247670&gp=1&lin=1&ll=1&set=0058D3AE0B_3_226
"{""Identifiers:"": ""SDG 4: Sustainable Development Goal 4"", ""Document code:"": ""DG/2017/019"", ""Imprint:"": ""16 Mar. 2017"", ""Collation:"": ""3 p."", ""Main descriptors:"": ""access to information; communication technology; information technology; information literacy"", ""Document Type:"": ""UNESCO document"", ""Nature of contents:"": ""speech"", ""Original Language:"": ""English"", ""Title:"": ""Address by Irina Bokova, Director-General of UNESCO, on the occasion of Broadband Commission Working Group on Education; Hong Kong, 16 March 2017"", ""General notes:"": ""(Electronic version only)"", ""Source code:"": ""dg"", ""Corporate author:"": ""UNESCO. Director-General, 2009- (Bokova, I.G.)"", ""Publ Year:"": ""2017"", ""Catalog Number:"": ""247662"", ""On line:"": ""Yes\n\nEng\n\n\n""}",http://unesdoc.unesco.org/images/0024/002476/247662e.pdf,http://www.unesco.org/ulis/cgi-bin/ulis.pl?catno=247662&gp=1&lin=1&ll=1&set=0058D3AE0B_3_226
"{""Document code:"": ""DG/2017/020"", ""Imprint:"": ""16 Mar. 2017"", ""Collation:"": ""3 p."", ""Main descriptors:"": ""digital divide; womens participation; access to information; internet"", ""Document Type:"": ""UNESCO document"", ""Nature of contents:"": ""speech"", ""Original Language:"": ""English"", ""Title:"": ""Address by Irina Bokova, Director-General of UNESCO, on the occasion of the Meeting of the Working Group on the Digital Gender Divide Broadband Commission; Hong-Kong, 16 March 2017"", ""General notes:"": ""(Electronic version only)"", ""Source code:"": ""dg"", ""Corporate author:"": ""UNESCO. Director-General, 2009- (Bokova, I.G.)"", ""Publ Year:"": ""2017"", ""Catalog Number:"": ""247663"", ""On line:"": ""Yes\n\nEng\n\n\n""}",http://unesdoc.unesco.org/images/0024/002476/247663e.pdf,http://www.unesco.org/ulis/cgi-bin/ulis.pl?catno=247663&gp=1&lin=1&ll=1&set=0058D3AE0B_3_226
"{""Document code:"": ""GBS/SCX/2017/014"", ""Imprint:"": ""16 Mar. 2017"", ""Collation:"": ""2 p."", ""Other Lang. versions:"": ""Arabic, Chinese, French, Russian, Spanish"", ""Document Type:"": ""UNESCO document"", ""Author:"": ""Worbs, Michael"", ""Original Language:"": ""English"", ""Title:"": ""The Chairperson's communication on list of candidates for the post of Director-General, 16 March 2017"", ""General notes:"": ""(Electronic version only)"", ""Source code:"": ""ex"", ""Corp. bodies as subject:"": ""UNESCO. Director-General"", ""Publ Year:"": ""2017"", ""On line:"": ""Yes\n\nEng\nFre\nSpa\n\nRus\nAra\nChi\n\n"", ""Other lang. title:"": ""La Communication du Président sur la liste des candidats au poste de Directeur général, 16 mars 2017; La Comunicación del Presidente sobre la lista de candidatos al puesto de Director General, 16 de marzo de 2017"", ""Catalog Number:"": ""247664""}","http://unesdoc.unesco.org/images/0024/002476/247664e.pdf,http://unesdoc.unesco.org/images/0024/002476/247664f.pdf,http://unesdoc.unesco.org/images/0024/002476/247664s.pdf,http://unesdoc.unesco.org/images/0024/002476/247664r.pdf,http://unesdoc.unesco.org/images/0024/002476/247664a.pdf,http://unesdoc.unesco.org/images/0024/002476/247664c.pdf",http://www.unesco.org/ulis/cgi-bin/ulis.pl?catno=247664&gp=1&lin=1&ll=1&set=0058D3AE0B_3_226
json_data,pdf_links,url
"{""Meetings (date):"": ""2017"", ""On line:"": ""Yes\n\nEng\nFre\nSpa\n\nRus\nAra\nChi\n\n"", ""General notes:"": ""(Contents: pt.I. General monitoring. -pt.II. Application of the Recommendation on Adult Learning and Education (2015): discussion of preparations for the next consultation. -pt.III. Application of the 1966 Recommendation concerning the Status of Teachers and the 1997 Recommendation concerning the Status of Higher Education Teaching Personnel: report by the Director-General on allégations received by the Joint ILO/UNESCO Committee of Experts on the Application of the Recommendations concerning Teaching Personnel (CEART). -pt.IV. Preliminary revision of 1974 Regional Convention on the Recognition of Studies, Diplomas and Degrees in Higher Education in Latin America and the Caribbean (1974))"", ""Non latin titles:"": ""Выполнение нормативных актов Часть II Выполнение Рекомендации 2015 года об обучении и образовании взрослых Рассмотрение хода подготовки следующей консультацииتطبيق الوثائق التقنينية الجزء الأول الرصد العام准则性文书的实施"", ""Imprint:"": ""1 Mar. 2017"", ""Corp. bodies as subject:"": ""UNESCO--Standard-setting instruments"", ""Conference:"": ""UNESCO. Executive Board"", ""Document code:"": ""201 EX/19 PART I-IV"", ""Original Language:"": ""English"", ""Main descriptors:"": ""international instruments; monitoring"", ""Source code:"": ""ex"", ""Other lang. title:"": ""Application des instruments normatifs; Aplicación de los instrumentos normativos"", ""Document Type:"": ""UNESCO document"", ""Title:"": ""Implementation of standard-setting instruments"", ""Publ Year:"": ""2017"", ""Other Lang. versions:"": ""Arabic, Chinese, French, Russian, Spanish"", ""Collation:"": ""18 p."", ""Catalog Number:"": ""247549"", ""Meeting session:"": ""201st""}","http://unesdoc.unesco.org/images/0024/002475/247549e.pdf,http://unesdoc.unesco.org/images/0024/002475/247549f.pdf,http://unesdoc.unesco.org/images/0024/002475/247549s.pdf,http://unesdoc.unesco.org/images/0024/002475/247549r.pdf,http://unesdoc.unesco.org/images/0024/002475/247549a.pdf,http://unesdoc.unesco.org/images/0024/002475/247549c.pdf",http://www.unesco.org/ulis/cgi-bin/ulis.pl?catno=247549&gp=1&lin=1&ll=1&set=0058D3AF10_1_274
"{""On line:"": ""Yes\n\nEng\nFre\nSpa\n\nRus\nAra\nChi\n\nPor\nHin\nIta\n\nGer\n\n"", ""Catalog Number:"": ""247552"", ""Non latin titles:"": ""Всемирный доклад Организации Объединенных Наций о состоянии водных ресурсов, 2017 г - Рабочее Резюмеتقرير الأمم المتحدة العالمي عن تنمية الموارد المائية ٢٠١٧ - مُلخص تنفيذي联合国世界水发展报告 - 摘 要"", ""Imprint:"": ""2017"", ""Source code:"": ""scw"", ""Item available at:"": ""UNESCO Archives AG 6 Series 4 English; French; Russian; Spanish; Arabic; Chinese; Italian; Portuguese; Hindi"", ""Document code:"": ""SC-2017/WS/1"", ""Original Language:"": ""English"", ""Main descriptors:"": ""waste water; water resources management; water pollution; water quality; water treatment; water supply; sustainable development; statistical data"", ""Corporate author:"": ""WWAP"", ""Other lang. title:"": ""Rapport mondial des Nations Unies sur la mise en valeur des ressources en eau 2017: Les eaux usées: une ressource inexploitée, résumé; Informe Mundial sobre el Desarrollo de los Recursos Hídricos de las Naciones Unidas 2017: Las aguas residuales: el recurso desaprovechado, resumen ejecutivo; Relatório mundial das Nações Unidas sobre o desenvolvimento dos recursos hídricos, 2017: Aguas residuais: o recurso inexplorado, resumo executivo; Rapporto mondiale delle Nazioni Unite sullo sviluppo delle risorse idriche, 2017: Acque reflue: la risorsa inesplorata, sintesi; Weltwasserbericht der Vereinten Nationen, 2017: Abwasser: die ungenutzte Ressource, Zusammenfassung"", ""Document Type:"": ""UNESCO document"", ""Title:"": ""The United Nations world water development report, 2017: Wastewater: an untapped resource; executive summary"", ""Publ Year:"": ""2017"", ""Identifiers:"": ""UN-Water"", ""Other Lang. versions:"": ""Arabic, Chinese, French, German, Hindi, Italian, Portuguese, Russian, Spanish"", ""Collation:"": ""12 p., illus.""}","http://unesdoc.unesco.org/images/0024/002475/247552e.pdf,http://unesdoc.unesco.org/images/0024/002475/247552f.pdf,http://unesdoc.unesco.org/images/0024/002475/247552s.pdf,http://unesdoc.unesco.org/images/0024/002475/247552por.pdf,http://unesdoc.unesco.org/images/0024/002475/247552ita.pdf,http://unesdoc.unesco.org/images/0024/002475/247552ger.pdf,http://unesdoc.unesco.org/images/0024/002475/247552r.pdf,http://unesdoc.unesco.org/images/0024/002475/247552a.pdf,http://unesdoc.unesco.org/images/0024/002475/247552c.pdf,http://unesdoc.unesco.org/images/0024/002475/247552hin.pdf",http://www.unesco.org/ulis/cgi-bin/ulis.pl?catno=247552&gp=1&lin=1&ll=1&set=0058D3AF10_1_274
"{""Meetings (date):"": ""2017"", ""On line:"": ""Yes\n\nEng\nFre\n\n\n"", ""General notes:"": ""(Electronic version only)"", ""Meetings (place):"": ""Paris"", ""Imprint:"": ""16 Jan. 2017"", ""Source code:"": ""ssc"", ""Collation:"": ""5 p."", ""Publ Year:"": ""2017"", ""Original Language:"": ""English"", ""Other lang. title:"": ""Ordre du jour et calendrier provisoires"", ""Document Type:"": ""UNESCO document"", ""Title:"": ""Provisional agenda and timetable"", ""Document code:"": ""SHS/BIO/IGM-CC/2017/1"", ""Other Lang. versions:"": ""French"", ""Conference:"": ""Intergovernmental Meeting for the Preparation of a Declaration of Ethical Principles in relation to Climate Change"", ""Catalog Number:"": ""247574""}","http://unesdoc.unesco.org/images/0024/002475/247574e.pdf,http://unesdoc.unesco.org/images/0024/002475/247574f.pdf",http://www.unesco.org/ulis/cgi-bin/ulis.pl?catno=247574&gp=1&lin=1&ll=1&set=0058D3AF10_1_274
"{""On line:"": ""Yes\n\nEng\n\n\n"", ""General notes:"": ""(Electronic version only)"", ""Title:"": ""Provisional agenda and timetable"", ""Document code:"": ""CIGEPS/2017/DOC.1"", ""Document Type:"": ""UNESCO document"", ""Other Lang. versions:"": ""French"", ""Original Language:"": ""English"", ""Catalog Number:"": ""247592"", ""Publ Year:"": ""2017""}",http://unesdoc.unesco.org/images/0024/002475/247592e.pdf,http://www.unesco.org/ulis/cgi-bin/ulis.pl?catno=247592&gp=1&lin=1&ll=1&set=0058D3AF10_1_274
"{""On line:"": ""Yes\n\nEng\nFre\nSpa\n\n\n"", ""General notes:"": ""(Electronic version only)"", ""Imprint:"": ""2017"", ""Source code:"": ""ed"", ""Publ Year:"": ""2017"", ""Original Language:"": ""English"", ""Main descriptors:"": ""literacy programmes; educational technology; educational innovations"", ""Other lang. title:"": ""Initiative UNESCO-Pearson en faveur de l'alphabétisation: de meilleures conditions de vie dans un monde numérique; Iniciativa UNESCO-Pearson para la alfabetización: mejores medios de subsistencia en un mundo digital"", ""Document Type:"": ""UNESCO document"", ""Nature of contents:"": ""brochures"", ""Title:"": ""UNESCO-Pearson initiative for literacy: improved livelihoods in a digital world"", ""Document code:"": ""ED/PLS/YLS/2017/01"", ""Identifiers:"": ""UNESCO-Pearson Initiative for Literacy"", ""Other Lang. versions:"": ""French, Spanish"", ""Collation:"": ""3 p."", ""Catalog Number:"": ""247599""}","http://unesdoc.unesco.org/images/0024/002475/247599e.pdf,http://unesdoc.unesco.org/images/0024/002475/247599f.pdf,http://unesdoc.unesco.org/images/0024/002475/247599s.pdf",http://www.unesco.org/ulis/cgi-bin/ulis.pl?catno=247599&gp=1&lin=1&ll=1&set=0058D3AF10_1_274
"{""Meetings (date):"": ""2017"", ""On line:"": ""Yes\n\nEng\nFre\nSpa\n\nRus\nAra\nChi\n\n"", ""Catalog Number:"": ""247655"", ""Non latin titles:"": ""إدارة معاهد الفئة ١ المعنية بالتربية第1类教育机构的管理"", ""Imprint:"": ""16 Mar. 2017"", ""Corp. bodies as subject:"": ""UNESCO--Institutes and Centres; UNESCO. IIEP; UIL; IBE; IITE; IICBA; IESALC"", ""Conference:"": ""UNESCO. Executive Board"", ""Document code:"": ""201 EX/11"", ""Original Language:"": ""English"", ""Main descriptors:"": ""educational programmes; educational institutions; evaluation"", ""Source code:"": ""ex"", ""Other lang. title:"": ""Gestion des instituts de catégorie 1 relatifs à l'éducation; Gestión de los institutos de categoría 1 relacionados con la educación"", ""Document Type:"": ""UNESCO document"", ""Title:"": ""Management of education-related category 1 institutes"", ""Publ Year:"": ""2017"", ""Other Lang. versions:"": ""Arabic, Chinese, French, Russian, Spanish"", ""Collation:"": ""5 p."", ""Meeting session:"": ""201st""}","http://unesdoc.unesco.org/images/0024/002476/247655e.pdf,http://unesdoc.unesco.org/images/0024/002476/247655f.pdf,http://unesdoc.unesco.org/images/0024/002476/247655s.pdf,http://unesdoc.unesco.org/images/0024/002476/247655a.pdf,http://unesdoc.unesco.org/images/0024/002476/247655c.pdf,http://unesdoc.unesco.org/images/0024/002476/247655r.pdf",http://www.unesco.org/ulis/cgi-bin/ulis.pl?catno=247655&gp=1&lin=1&ll=1&set=0058D3AF10_1_274
"{""On line:"": ""Yes\n\nEng\n\n\n"", ""General notes:"": ""(Electronic version only)"", ""Title:"": ""E-9 Ministerial Meeting on Education 2030: Dhaka Declaration"", ""Document code:"": ""ED-2017/E-9/OD-1"", ""Document Type:"": ""UNESCO document"", ""Publ Year:"": ""2017"", ""Original Language:"": ""English"", ""Catalog Number:"": ""247714""}",http://unesdoc.unesco.org/images/0024/002477/247714e.pdf,http://www.unesco.org/ulis/cgi-bin/ulis.pl?catno=247714&gp=1&lin=1&ll=1&set=0058D3AF10_1_274
"{""On line:"": ""Yes\n\nEng\n\n\n"", ""General notes:"": ""(Electronic version only)"", ""Imprint:"": ""2017"", ""Corp. bodies as subject:"": ""UNESCO--Organization and methods of work"", ""Document code:"": ""ETH/PI/2017/1"", ""Original Language:"": ""English"", ""Main descriptors:"": ""ethics"", ""Source code:"": ""ps"", ""Document Type:"": ""UNESCO document"", ""Title:"": ""UNESCO introducing the Ethics Office"", ""Publ Year:"": ""2017"", ""Catalog Number:"": ""247454"", ""Collation:"": ""5 p.""}",http://unesdoc.unesco.org/images/0024/002474/247454e.pdf,http://www.unesco.org/ulis/cgi-bin/ulis.pl?catno=247454&gp=1&lin=1&ll=1&set=0058D3AF10_1_274
"{""Meetings (date):"": ""2017"", ""On line:"": ""Yes\n\nEng\n\n\n"", ""General notes:"": ""(Electronic version only)"", ""Meetings (place):"": ""Paris"", ""Imprint:"": ""22 Feb. 2017"", ""Source code:"": ""clc"", ""Collation:"": ""2 p."", ""Document code:"": ""UCH/17/6.MSP/1"", ""Original Language:"": ""English"", ""Document Type:"": ""UNESCO document"", ""Title:"": ""Election of the Bureau"", ""Publ Year:"": ""2017"", ""Catalog Number:"": ""247456"", ""Conference:"": ""Meeting of States Parties to the Convention on the Protection of Underwater Cultural Heritage"", ""Meeting session:"": ""6th""}",http://unesdoc.unesco.org/images/0024/002474/247456e.pdf,http://www.unesco.org/ulis/cgi-bin/ulis.pl?catno=247456&gp=1&lin=1&ll=1&set=0058D3AF10_1_274
"{""On line:"": ""Yes\n\nEng\nFre\nSpa\n\nRus\nChi\n\n"", ""Catalog Number:"": ""247520"", ""Non latin titles:"": ""Прием заявок в номинации Конкурс 2017. ПРЕМИЯ ЮНЕСКО ЗА ДОСТИЖЕНИЯ В ОБЛАСТИ ОБРАЗОВАНИЯ ДЕВОЧЕК И ЖЕНЩИН联合国教科文组织女童和妇女教育奖 - 2017年 - 征集提名"", ""Imprint:"": ""2017"", ""Source code:"": ""ed"", ""Document code:"": ""ED/IPS/IGE/2017/01"", ""Original Language:"": ""English"", ""Main descriptors:"": ""girls education; womens education; UNESCO awards and honours; guides"", ""Other lang. title:"": ""Prix UNESCO pour l'éducation des filles et des femmes, édition 2017: appel à candidatures; Premio UNESCO de educación de las niñas y las mujeres, edición de 2017: solicitud de candidaturas"", ""Document Type:"": ""UNESCO document"", ""Nature of contents:"": ""brochures"", ""Title:"": ""UNESCO Prize for Girls' and Women's Education, 2017 edition: call for nominations"", ""Publ Year:"": ""2017"", ""Identifiers:"": ""UNESCO Prize for Girls' and Women's Education"", ""Other Lang. versions:"": ""Chinese, French, Russian, Spanish"", ""Collation:"": ""2 p., illus.""}","http://unesdoc.unesco.org/images/0024/002475/247520e.pdf,http://unesdoc.unesco.org/images/0024/002475/247520f.pdf,http://unesdoc.unesco.org/images/0024/002475/247520s.pdf,http://unesdoc.unesco.org/images/0024/002475/247520r.pdf,http://unesdoc.unesco.org/images/0024/002475/247520c.pdf",http://www.unesco.org/ulis/cgi-bin/ulis.pl?catno=247520&gp=1&lin=1&ll=1&set=0058D3AF10_1_274
"{""Meetings (date):"": ""2017"", ""On line:"": ""Yes\n\nEng\nFre\n\n\n"", ""Catalog Number:"": ""247529"", ""Meetings (place):"": ""Kuala Lumpur"", ""Imprint:"": ""8 Feb. 2017"", ""Source code:"": ""ssc"", ""Collation:"": ""4 p."", ""Publ Year:"": ""2017"", ""Original Language:"": ""English"", ""Other lang. title:"": ""Ordre du jour provisoire"", ""Document Type:"": ""UNESCO document"", ""Title:"": ""Provisional agenda"", ""Document code:"": ""MOST/IGC/BUREAU/2017/1.1"", ""Other Lang. versions:"": ""French"", ""Conference:"": ""Intergovernmental Council of the MOST Programme. Bureau""}","http://unesdoc.unesco.org/images/0024/002475/247529e.pdf,http://unesdoc.unesco.org/images/0024/002475/247529f.pdf",http://www.unesco.org/ulis/cgi-bin/ulis.pl?catno=247529&gp=1&lin=1&ll=1&set=0058D3AF10_1_274
"{""Meetings (date):"": ""2016"", ""On line:"": ""Yes\n\n\n\nMul\n\n"", ""Catalog Number:"": ""247534"", ""Imprint:"": ""6 Mar. 2017"", ""Source code:"": ""ex"", ""Collation:"": ""33 p."", ""Publ Year:"": ""2017"", ""Original Language:"": ""Multilingual"", ""Other lang. title:"": ""Comptes rendus analytiques (de la 6e réunion d'intersession du Conseil exécutif, 6 décembre 2016); Actas resumidas (de la 6a reunión intermedia del Consejo Ejecutivo, 6 de diciembre de 2016)"", ""Document Type:"": ""UNESCO document"", ""Title:"": ""Summary records (of the Executive Board at its 6th intersessional meeting, 6 December 2016)"", ""Document code:"": ""6 INX/SR.1-2."", ""Other Lang. versions:"": ""Arabic, Chinese, English, French, Spanish, Russian"", ""Conference:"": ""UNESCO. Executive Board. Intersessional Meeting"", ""Meeting session:"": ""6th""}",http://unesdoc.unesco.org/images/0024/002475/247534m.pdf,http://www.unesco.org/ulis/cgi-bin/ulis.pl?catno=247534&gp=1&lin=1&ll=1&set=0058D3AF10_1_274
"{""Meetings (date):"": ""2017"", ""On line:"": ""Yes\n\nEng\n\n\n"", ""General notes:"": ""(Electronic version only)"", ""Meetings (place):"": ""Paris"", ""Publ Year:"": ""2017"", ""Original Language:"": ""English"", ""Document Type:"": ""UNESCO document"", ""Title:"": ""Secretariat's report"", ""Document code:"": ""UCH/17/6.MSP/INF4.1"", ""Catalog Number:"": ""247536"", ""Conference:"": ""Meeting of States Parties to the Convention on the Protection of Underwater Cultural Heritage"", ""Meeting session:"": ""6th""}",http://unesdoc.unesco.org/images/0024/002475/247536e.pdf,http://www.unesco.org/ulis/cgi-bin/ulis.pl?catno=247536&gp=1&lin=1&ll=1&set=0058D3AF10_1_274
"{""Meetings (date):"": ""2016"", ""On line:"": ""Yes\n   \nEng\nThis publication is available in Open Access. Anyone is free to copy, use, distribute, transmit, and make derivative works in any format within certain constraints. See the Open Access Policy for UNESCO Publications. -  6 megabytes\n\n\n"", ""General notes:"": ""(Electronic version only)"", ""Meetings (place):"": ""Suva"", ""Imprint:"": ""Apia, UNESCO Office Apia, 2017"", ""Source code:"": ""ro"", ""Conference:"": ""Pacific Workshop on the Hague Convention for the Protection of Cultural Property in the Event of Armed Conflicts and its Two Protocols"", ""Document code:"": ""SM/CAT4/17/001-E"", ""Original Language:"": ""    EnglishThis publication is available in Open Access. Anyone is free to copy, use, distribute, transmit, and make derivative works in any format within certain constraints. See the Open Access Policy for UNESCO Publications."", ""Main descriptors:"": ""cultural property preservation; war; cultural legislation; international instruments; Oceania"", ""Corporate author:"": ""UNESCO Office Apia"", ""Document Type:"": ""UNESCO document"", ""Country:"": ""Samoa"", ""Title:"": ""Safeguarding cultural property in the Pacific, first workshop for the 1954 Hague convention and its two protocols, Fiji, 2016"", ""Publ Year:"": ""2017"", ""Identifiers:"": ""Convention for the Protection of Cultural Property in the Event of Armed Conflict (text); Protocol to the 1954 Hague Convention for the Protection of Cultural Property in the Event of Armed Conflict (text); Second Protocol to the 1954 Hague Convention for the Protection of Cultural Property in the Event of Armed Conflict (text)"", ""Licence Type:"": "" ENG This license allows readers to share, copy, distribute, adapt and make commercial use of the work as long as it is attributed back to the author and distributed under this or a similar license. For more information, please see CC BY-SA 3.0 IGO."", ""Catalog Number:"": ""247342"", ""Collation:"": ""176 p., illus."", ""Meeting session:"": ""1st""}",http://unesdoc.unesco.org/images/0024/002473/247342e.pdf,http://www.unesco.org/ulis/cgi-bin/ulis.pl?catno=247342&gp=1&lin=1&ll=1&set=0058D3AF10_1_274
"{""Meetings (date):"": ""2016"", ""On line:"": ""Yes\n\nEng\n\n\n"", ""Meetings (place):"": ""Chengdu, China"", ""Imprint:"": ""Beijing, UNESCO Office Beijing, 2017"", ""Source code:"": ""ro"", ""Collation:"": ""75 p., illus."", ""Document code:"": ""BEIJING/2017/PI/H/1"", ""Original Language:"": ""English"", ""Main descriptors:"": ""youth; intercultural communication; Asia and the Pacific"", ""Corporate author:"": ""UNESCO Office Beijing"", ""Document Type:"": ""UNESCO document"", ""Country:"": ""China"", ""Title:"": ""Asia Pacific Youth Dialogue report"", ""Publ Year:"": ""2017"", ""Catalog Number:"": ""247426"", ""Conference:"": ""Asia Pacific Youth Dialogue""}",http://unesdoc.unesco.org/images/0024/002474/247426e.pdf,http://www.unesco.org/ulis/cgi-bin/ulis.pl?catno=247426&gp=1&lin=1&ll=1&set=0058D3AF10_1_274
"{""On line:"": ""Yes (Restricted)\n\nEng\n\n\n"", ""General notes:"": ""Incl. bibl."", ""Title:"": ""International review of education: journal of lifelong learning, v. 63, no. 1"", ""Source code:"": ""hui"", ""Item available at:"": ""UNESCO Library 37(100) - UNESCO Archives INST/ED/026 English - UIL Hamburg Periodicals archive English"", ""Original Language:"": ""English"", ""Other lang. series issues:"": ""Revue internationale de l'éducation"", ""Series:"": ""International review of education: journal of lifelong learning"", ""Corporate author:"": ""UIL"", ""Document Type:"": ""UNESCO serial issue"", ""Country:"": ""Germany"", ""Imprint:"": ""Febr. 2017"", ""Publ Year:"": ""2017"", ""Series (vol/issues):"": ""63, 1"", ""Collation:"": ""p. 1-143"", ""Catalog Number:"": ""247433""}",http://unesdoc.unesco.org/images/0024/002474/247433e.pdf,http://www.unesco.org/ulis/cgi-bin/ulis.pl?catno=247433&gp=1&lin=1&ll=1&set=0058D3AF10_1_274
"{""Meetings (date):"": ""2017"", ""On line:"": ""Yes\n\nEng\nFre\n\n\n"", ""General notes:"": ""(Electronic version only)"", ""Meetings (place):"": ""Paris"", ""Imprint:"": ""30 Jan. 2017"", ""Source code:"": ""cic"", ""Conference:"": ""Intergovernmental Council for the Information for All Programme. Bureau"", ""Publ Year:"": ""2017"", ""Original Language:"": ""English"", ""Other lang. title:"": ""Calendrier provisoire"", ""Document Type:"": ""UNESCO document"", ""Title:"": ""Timetable"", ""Document code:"": ""IFAP-2017/BUREAU.XXVII/INF.1"", ""Identifiers:"": ""IFAP: Information for All Programme"", ""Other Lang. versions:"": ""French"", ""Collation:"": ""1 p."", ""Catalog Number:"": ""247247"", ""Meeting session:"": ""27th""}","http://unesdoc.unesco.org/images/0024/002472/247247e.pdf,http://unesdoc.unesco.org/images/0024/002472/247247f.pdf",http://www.unesco.org/ulis/cgi-bin/ulis.pl?catno=247247&gp=1&lin=1&ll=1&set=0058D3AF10_1_274
"{""On line:"": ""Yes\n\nEng\n\n\n"", ""General notes:"": ""(Electronic version only)"", ""Title:"": ""Historical efforts to implement the UNESCO 1974 recommendation on Education in light of 3 SDGs Targets"", ""Document code:"": ""ED/IPS/ESG/2017/01"", ""Document Type:"": ""UNESCO document"", ""Publ Year:"": ""2017"", ""Original Language:"": ""English"", ""Catalog Number:"": ""247275""}",http://unesdoc.unesco.org/images/0024/002472/247275e.pdf,http://www.unesco.org/ulis/cgi-bin/ulis.pl?catno=247275&gp=1&lin=1&ll=1&set=0058D3AF10_1_274
"{""On line:"": ""Yes\n\nEng\n\n\n"", ""General notes:"": ""(Electronic version only)"", ""Imprint:"": ""Kathmandu, UNESCO Office Kathmandu, 2017"", ""Source code:"": ""ro"", ""Document code:"": ""KAT/2017/PI/H1"", ""Original Language:"": ""English"", ""Main descriptors:"": ""literacy programmes; educational evaluation; Nepal"", ""Corporate author:"": ""UNESCO Office Kathmandu"", ""Author:"": ""Sharma, Tanka Nath"", ""Document Type:"": ""UNESCO document"", ""Country:"": ""Nepal"", ""Title:"": ""Reading the past, writing the future: a report on National Literacy Campaign and Literate Nepal Mission"", ""Publ Year:"": ""2017"", ""Catalog Number:"": ""247317"", ""Collation:"": ""72 p.""}",http://unesdoc.unesco.org/images/0024/002473/247317e.pdf,http://www.unesco.org/ulis/cgi-bin/ulis.pl?catno=247317&gp=1&lin=1&ll=1&set=0058D3AF10_1_274
"{""On line:"": ""Yes\n\nEng\nFre\n\n\n"", ""Catalog Number:"": ""247326"", ""Imprint:"": ""2017"", ""Source code:"": ""ed"", ""Publ Year:"": ""2017"", ""Original Language:"": ""English"", ""Main descriptors:"": ""teacher effectiveness; UNESCO awards and honours; guides"", ""Other lang. title:"": ""Comment présenter une candidature au Prix UNESCO-Hamdan Bin Rashid Al-Maktoum récompensant des pratiques et des performances exemplaires pour améliorer l'efficacité des enseignants"", ""Document Type:"": ""UNESCO document"", ""Nature of contents:"": ""guides,guidebooks,handbooks"", ""Title:"": ""How to apply to the UNESCO-Hamdan bin Rashid Al-Maktoum Prize for Outstanding Practice and Performance in Enhancing the Effectiveness of Teachers, 2017-2018 edition"", ""Document code:"": ""ED/ESC/TED/2017/01"", ""Identifiers:"": ""UNESCO-Hamdan Bin Rashid Al-Maktoum Prize for Outstanding Practice and Performance in Enhancing the Effectiveness of Teachers"", ""Other Lang. versions:"": ""French"", ""Collation:"": ""2 p.""}","http://unesdoc.unesco.org/images/0024/002473/247326e.pdf,http://unesdoc.unesco.org/images/0024/002473/247326f.pdf",http://www.unesco.org/ulis/cgi-bin/ulis.pl?catno=247326&gp=1&lin=1&ll=1&set=0058D3AF10_1_274
"{""On line:"": ""Yes\n\nEng\nFre\nSpa\n\n\n"", ""Series (vol/issues):"": ""19"", ""Title:"": ""Public-private partnerships as an education policy approach: multiple meanings, risks and challenges"", ""Source code:"": ""ed"", ""Document Type:"": ""UNESCO serial issue"", ""Document code:"": ""ED-2017/WP/1"", ""Original Language:"": ""English"", ""Author:"": ""Verger, Antoni; Moschetti, Mauro"", ""Main descriptors:"": ""public private partnerships; educational policy; educational systems; governance"", ""Other lang. series issues:"": ""Recherche et prospective en éducation: réflexions thématiques; Investigación y prospectiva en educación: documentos de trabajo"", ""Series:"": ""Education, research and foresight: working papers"", ""Other lang. title:"": ""Les Partenariats public-privé comme approche des politiques de l'éducation: multiples significations, risques et enjeux; Las Alianzas público-privadas como enfoque para las políticas educativas: múltiples significados, riesgos y problemas"", ""General notes:"": ""Incl. bibl. (Electronic version only)"", ""Catalog Number:"": ""247327"", ""Imprint:"": ""Feb. 2017"", ""Publ Year:"": ""2017"", ""Other Lang. versions:"": ""French, Spanish"", ""Collation:"": ""13 p."", ""Secondary descriptors:"": ""educational accountability; academic achievement; universal education; educational innovations; educational efficiency""}","http://unesdoc.unesco.org/images/0024/002473/247327e.pdf,http://unesdoc.unesco.org/images/0024/002473/247327f.pdf,http://unesdoc.unesco.org/images/0024/002473/247327s.pdf",http://www.unesco.org/ulis/cgi-bin/ulis.pl?catno=247327&gp=1&lin=1&ll=1&set=0058D3AF10_1_274
